# english<TAB>arabic<TAB>sources (P handwritten page transcript, T typed passage). Tokens verbatim. P forms come first.
a	اَ	T
and	أَنْدْ	TP
as	أَزْ	T
both	بُوثْ	T
built	بِلْتْ	T
capitalism	كَابِتَالِيزْمْ	T
capitalist	كَابِتَالِسْتْ	TP
concept	كُونْسِبْتْ	T
cultural	كَلْتْشَرَلْ	TP
delves	دِلْفْزْ	TP
denial	دِنَايَلْ	T
explores	إِكْسْبْلُورْزْ	T
for	فُورْ	T
frames	فْرَيْمْزْ	T
helen	هِيلِنْ	TP
ideology	آيدِيُولُوجِي	T
in	إِنْ	TP
individual	إِنْدِبِدْيُوَالْ	T
intersects	إِنْتِرْسِكْتْسْ	T
into	إِنْتُو	TP
it	إِتْ	T
its	إِتْسْ	TP
lack	لَاكْ	TP
nature	نَيْتْشَر	P
nature	نَيْشَرْ	T
of	أُفْ	TP
on	أُونْ	T
part	بَارْتْ	TP
psychoanalytic	سَايْكُوأَنَالِيتِيكْ	T
psychocinema	سَايْكُوسِينِمَا	TP
psychology	سَايْكُولُوجِي	T
ramification	رَامِفِكَيْشَنْ	T
repression	رِبْرِشَنْ	TP
rollins	رُولِنْزْ	TP
she	شِي	TP
social	سُوشَلْ	T
structures	سْتْرَكْشُورْزْ	T
symptoms	سِمْبْتُمْزْ	TP
system	سِسْتَمْ	T
the	ذَا	TP
this	ذِسْ	TP
truth	تُرُوثْ	T
universal	يُونِبِرْسَلْ	T
utopianism	يُتُوبِيَانِيزْمْ	TP
with	وِذْ	T
